Time,Greedy,INMA,No Charge
10,9.98964015999992,9.98840055999991,9.98940455999992
20,9.991262075214,9.97672111999982,9.97720511999982
30,9.98985781442805,9.96499727999973,9.96392607999972
40,9.98797923364209,9.95352223999964,9.95042063999962
50,9.98507201285613,9.94286479999956,9.93862559999953
60,9.98192905207017,9.93295375999947,9.92723495999944
70,9.97830893128421,9.92151871999939,9.91376511999934
80,9.97694325049825,9.9100168799993,9.90263647999925
90,9.9743546097123,9.8978398399992,9.89050823999916
100,9.97184454892634,9.88750679999912,9.87994399999907
110,9.97032312814038,9.87669815999903,9.86888655999899
120,9.96804596735442,9.86501431999894,9.8577047199989
130,9.96498016656846,9.85445007999886,9.84625647999881
140,9.9625101057825,9.84409023999878,9.83494583999872
150,9.95928856499654,9.83262399999869,9.82327079999863
160,9.95721140421059,9.8215177599986,9.81219095999854
170,9.95382986342462,9.81179311999852,9.80026711999845
180,9.95064690263866,9.79957607999843,9.78936967999837
190,9.9471867818527,9.78785223999834,9.77767703999828
200,9.94372666106674,9.77631479999825,9.76542439999818
210,9.94034654028077,9.76499975999816,9.75316295999809
220,9.93909943949482,9.75414231999807,9.74326071999801
230,9.93702369870886,9.74329367999798,9.73249647999792
240,9.9339978979229,9.7324362399979,9.72022183999783
250,9.93105209713694,9.72242279999782,9.70949759999774
260,9.92850345635098,9.71124975999773,9.69611655999764
270,9.92575339556502,9.69982791999764,9.68596551999756
280,9.92399481477907,9.68885487999755,9.67386847999747
290,9.92116759399311,9.67685543999746,9.66175383999738
300,9.91849611320715,9.66426959999737,9.65127839999729
310,9.91622179242119,9.65366095999728,9.64149175999721
320,9.91434321163523,9.64268791999719,9.62898591999712
330,9.91258037084928,9.63283447999711,9.61892367999704
340,9.91042747006332,9.62218143999703,9.60770183999695
350,9.90744166927736,9.60963119999693,9.59706639999686
360,9.9052087684914,9.59940895999685,9.58598215999677
370,9.90313302770545,9.58693871999676,9.57356511999668
380,9.89995006691949,9.57417527999666,9.56147687999659
390,9.89732142613353,9.56178503999657,9.5510102399965
400,9.89532568534757,9.55009679999647,9.53873999999641
410,9.89301136456161,9.53874175999639,9.52747815999632
420,9.89046130377565,9.52627151999629,9.51621191999623
430,9.8881098229897,9.5142100799962,9.50670047999615
440,9.88698130220374,9.50332143999611,9.49467903999606
450,9.88446982141778,9.49048679999602,9.48370159999597
460,9.88120828063182,9.47851415999592,9.47186215999588
470,9.87956685984587,9.46641711999583,9.4616843199958
480,9.87764969905991,9.45517767999574,9.44951607999571
490,9.87541395827395,9.44564423999566,9.43891623999562
500,9.873022477488,9.43408919999557,9.42786319999554
510,9.87086673670204,9.42248975999548,9.41601935999544
520,9.86811667591608,9.41080151999539,9.40517511999536
530,9.86532803513012,9.40089927999531,9.39439327999527
540,9.86258081434416,9.38909543999522,9.38379343999519
550,9.8605450735582,9.37827799999514,9.37074119999509
560,9.85926081277225,9.36549215999504,9.358986159995
570,9.85587927198629,9.35439471999495,9.34913271999492
580,9.85423927120033,9.34395927999487,9.33741767999483
590,9.85200495041438,9.33276423999478,9.32527623999473
600,9.84941488962842,9.32030279999469,9.31346799999464
610,9.84650624884246,9.3089921599946,9.30237055999456
620,9.8435976080565,9.29856551999451,9.29213951999447
630,9.84132186727054,9.28737927999443,9.28066887999438
640,9.83968186648458,9.27432703999433,9.26827863999429
650,9.83646032569862,9.26238999999424,9.2570967999942
660,9.83379310491266,9.25116815999415,9.24604815999411
670,9.83167736412671,9.23807151999405,9.23385791999402
680,9.82968162334075,9.22785807999397,9.22372007999394
690,9.82717014255479,9.21754703999388,9.21283583999385
700,9.82391002176883,9.2067783999938,9.20412879999378
710,9.82084706098287,9.19505455999371,9.19092535999368
720,9.8169926201969,9.18291751999361,9.17920591999359
730,9.81436255941094,9.17262447999353,9.1682552799935
740,9.81208965862499,9.16115383999344,9.15665583999341
750,9.80790904455339,9.14971879999335,9.14674479999333
760,9.80033680055335,9.13750175999326,9.13530975999324
770,9.79292455655331,9.12508031999317,9.12457671999316
780,9.78709243255327,9.11372087999308,9.11300847999307
790,9.78046882855323,9.10158383999298,9.10129343999298
800,9.77313658455319,9.08850039999289,9.0912579999929
810,9.76686872055315,9.0775317599928,9.07999175999281
820,9.76286800447474,9.06654551999271,9.06868111999272
830,9.75656399179131,9.05407087999262,9.05607767999262
840,9.75029855910788,9.04246703999253,9.04365183999253
850,9.74371596642445,9.03015679999243,9.03271439999244
860,9.73910923374102,9.01840175999234,9.02125255999235
870,9.7341481810576,9.00754431999226,9.00932431999226
880,9.72867422837417,8.99615807999217,8.99887567999218
890,9.72189305569074,8.98378103999207,8.9887202399921
900,9.71673484300731,8.97251479999198,8.97869359999202
910,9.71102373032388,8.9611285599919,8.96672095999192
920,9.70523261764045,8.9486539199918,8.95458391999183
930,9.69995582495703,8.93792967999172,8.94266007999174
940,9.69345323227359,8.92657463999163,8.93255783999166
950,9.68797927959017,8.91509519999154,8.92124719999157
960,9.68321538690674,8.90224735999144,8.91071855999148
970,9.67833291422332,8.89094991999135,8.8995723199914
980,9.67305470153989,8.87900407999126,8.88809727999131
990,9.66825222885647,8.86586743999116,8.87616903999122
1000,9.66075957617303,8.85323279999107,8.86642679999114
1010,9.6552456234896,8.84269975999098,8.85486295999105
1020,9.64921593080617,8.82989191999089,8.84214391999095
1030,9.64168611812273,8.81831447999079,8.83104647999086
1040,9.63700080543931,8.80744823999071,8.81994463999077
1050,9.63211975275588,8.79527999999062,8.80972679999069
1060,9.62707728007246,8.78397815999053,8.7975097599906
1070,9.62041610738902,8.77151231999043,8.78600351999051
1080,9.61494463357394,8.76064607999035,8.77559927999043
1090,9.60784954957389,8.74858903999025,8.76487063999034
1100,9.60095162557385,8.73645199999016,8.75514159999026
1110,9.59413228157381,8.72431495999007,8.74346215999017
1120,9.58778867757377,8.71477711998999,8.73226711999008
1130,9.58100933357373,8.7025156799899,8.72207607999
1140,9.57343708957369,8.69125823998981,8.71221823998992
1150,9.56681632557365,8.67978759998972,8.70098759998983
1160,9.56090420157361,8.66644655998962,8.68963695998974
1170,9.55460059757357,8.65439391998953,8.67973031998966
1180,9.54758267357353,8.64213687998943,8.66880167998958
1190,9.53949752957348,8.63263903998935,8.65716223998949
1200,9.53200670557344,8.62046639998926,8.64484319998939
1210,9.52451446157339,8.60897815998917,8.6330837599893
1220,9.51794356549498,8.59712551998908,8.62326591998922
1230,9.51112752567837,8.58278487998897,8.61224407998913
1240,9.50221419329958,8.57114103998888,8.60115103998905
1250,9.49285646092079,8.55813759998879,8.59026239998896
1260,9.484605128542,8.5473245599887,8.57911615998887
1270,9.4747941961632,8.5345699199886,8.56623711998878
1280,9.46564086378441,8.52409007998852,8.55525967998869
1290,9.45650553140562,8.51204623998843,8.5432026399886
1300,9.44816539902683,8.50235279998835,8.53141199998851
1310,9.43838126664804,8.49187295998826,8.52118095998842
1320,9.43049873426925,8.48068231998818,8.50992351998833
1330,9.41991020189045,8.46903407998809,8.49895047998825
1340,9.41195206951167,8.457519039988,8.48665343998815
1350,9.40301193713287,8.44675919998791,8.47426319998806
1360,9.39429420475408,8.43462215998782,8.46228615998797
1370,9.38542527237529,8.42319591998773,8.45181071998788
1380,9.37716513999651,8.41184527998764,8.43905167998779
1390,9.36924700761772,8.39937503998755,8.42716783998769
1400,9.36005367523893,8.38805559998746,8.4152839999876
1410,9.34952754286013,8.37852655998738,8.40356895998751
1420,9.34120501048134,8.36710471998729,8.38999231998741
1430,9.33299367810255,8.35455447998719,8.37997447998733
1440,9.32511114572377,8.3421330399871,8.36626903998723
1450,9.31595341334498,8.33100439998701,8.35441639998714
1460,9.30612488096618,8.31968495998692,8.34091095998704
1470,9.29679394858739,8.30894751998684,8.32872951998694
1480,9.2878006162086,8.29602407998674,8.31747647998685
1490,9.27693688382979,8.28550863998666,8.30618783998676
1500,9.26898315145101,8.27374039998657,8.29462399998667
1510,9.26015861907222,8.26143455998647,8.2849749599866
1520,9.25199608669343,8.24818231998637,8.27406871998651
1530,9.24383355431464,8.23633847998628,8.26186047998642
1540,9.23492022193585,8.22504103998619,8.25097183998633
1550,9.22467848955706,8.2137347999861,8.23858159998624
1560,9.21523195717826,8.20299735998602,8.22710655998615
1570,9.20495462479946,8.19318391998594,8.21738191998607
1580,9.19405529242066,8.18117127998585,8.20496047998597
1590,9.1831989785176,8.16999383998576,8.19336103998588
1600,9.17309673851752,8.15926519998567,8.1827523999858
1610,9.16119529851743,8.14832335998559,8.17134855998571
1620,9.14869385851733,8.1374347199855,8.16061551998562
1630,9.13669441851724,8.1248488799854,8.14797647998553
1640,9.12554377851715,8.11288063998531,8.13750103998544
1650,9.11418433851707,8.10189439998523,8.12565719998535
1660,9.10342009851698,8.09066815998514,8.11326695998526
1670,9.0932334585169,8.07971311998505,8.10145871998517
1680,9.08126521851681,8.06930887998497,8.09005927998508
1690,9.06972337851671,8.05797583998488,8.07887743998499
1700,9.05878153851663,8.04712719998479,8.06956159998491
1710,9.04751089851654,8.03618975998471,8.05804215998482
1720,9.03525385851645,8.02337311998461,8.04731351998474
1730,9.02224601851635,8.01148047998452,8.03695367998465
1740,9.01063652853508,7.99913023998448,8.02573623998457
1750,9.00140718859772,7.98794399998445,8.01367919998447
1760,8.99227104866037,7.9745185599844,8.0045365599844
1770,8.981384508723,7.96412311998438,7.99260391998436
1780,8.96976036878564,7.95388327998435,7.98100007998433
1790,8.95919822884827,7.94282583998432,7.9709734399843
1800,8.95025768891092,7.93284799998429,7.96061359998427
1810,8.93995314897356,7.92169735998426,7.95012935998425
1820,8.93026180903621,7.90938271998423,7.93995591998422
1830,8.92016606909885,7.8987740799842,7.92882287998419
1840,8.91072792916149,7.88585943998416,7.91617943998415
1850,8.89915258922412,7.87522399998413,7.90533519998412
1860,8.88684674922403,7.86370455998409,7.89514415998409
1870,8.87396330922393,7.85236271998406,7.88400671998406
1880,8.86244386922384,7.84039447998402,7.87382887998403
1890,8.85200842922376,7.829959039984,7.861567439984
1900,8.84061778922367,7.81765759998396,7.85008359998396
1910,8.82761874922357,7.80634255998393,7.83803535998393
1920,8.81609490922348,7.79520511998389,7.8278843199839
1930,8.80466426922339,7.78304127998386,7.81474767998386
1940,8.79460202922331,7.77129063998382,7.80343263998383
1950,8.78337578922322,7.75989999998379,7.79105119998379
1960,8.77087434922313,7.74723415998375,7.78025135998376
1970,8.75870170922303,7.73530591998371,7.76994031998373
1980,8.74826626922295,7.72379527998368,7.75688367998369
1990,8.73684882922286,7.71319103998365,7.74474223998365
2000,8.72649778922278,7.70031639998361,7.73422239998362
2010,8.71611114922269,7.68871695998357,7.72296935998359
2020,8.7040185092226,7.67719751998354,7.71131671998356
2030,8.69262346922251,7.66709087998351,7.70111687998353
2040,8.68268477212349,7.65345663998347,7.68918863998349
2050,8.67252944662871,7.64135959998343,7.67877119998347
2060,8.66199212113393,7.62872495998339,7.66741615998343
2070,8.65202799563916,7.61745431998336,7.6556035199834
2080,8.64195707014438,7.60567287998333,7.64424407998337
2090,8.6318241446496,7.59387783998329,7.63335543998334
2100,8.62195761915482,7.58198959998325,7.62246679998331
2110,8.61179349366004,7.56965695998322,7.60994775998327
2120,8.60175376816527,7.55851071998318,7.59837031998323
2130,8.59068324267048,7.54718687998315,7.58528247998319
2140,8.58130991717571,7.53571623998312,7.57398063998316
2150,8.57242979168094,7.52581839998309,7.56262559998312
2160,8.56334966618616,7.51308615998305,7.55123055998309
2170,8.55223034069138,7.50173991998302,7.54124391998307
2180,8.5423106151966,7.48947407998298,7.52992887998303
2190,8.53267968970183,7.47791463998295,7.518467039983
2200,8.52355956420705,7.46569319998291,7.50745399998297
2210,8.51400863871228,7.45365375998287,7.49564575998293
2220,8.5030893132175,7.44150791998284,7.48546351998291
2230,8.49342278772272,7.43155687998281,7.47532127998288
2240,8.48306251917317,7.41982863998278,7.46354423998285
2250,8.47063667917307,7.40847799998275,7.45117159998281
2260,8.45896603917298,7.39639415998271,7.43859455998277
2270,8.44731779917289,7.38562991998268,7.42724391998274
2280,8.43654035917281,7.37431487998265,7.41776367998271
2290,8.42581171917272,7.36285303998261,7.40752823998269
2300,8.41496747917264,7.35076039998258,7.39533799998265
2310,8.40432323917255,7.33821895998254,7.38348975998261
2320,8.39347019917246,7.3259619199825,7.37218351998258
2330,8.38131995917237,7.31639727998248,7.36033527998255
2340,8.37016931917228,7.30582423998245,7.34977543998252
2350,8.3589874791722,7.29521559998242,7.33900239998249
2360,8.34777003917211,7.28498895998239,7.32524815998244
2370,8.33694819917202,7.27252751998235,7.31435511998241
2380,8.32613075917194,7.26017287998231,7.30267127998238
2390,8.31482451917185,7.24886663998228,7.29152943998235
2400,8.30381211450666,7.23727599998225,7.28004999998231
2410,8.29395678212786,7.22618295998222,7.26873935998228
2420,8.28546104974908,7.21503231998218,7.25784191998225
2430,8.27564131737028,7.20418807998215,7.24673127998222
2440,8.26718118499149,7.19233983998212,7.23695783998219
2450,8.2577658526127,7.18225079998209,7.22656679998217
2460,8.24828259413688,7.16982055998205,7.21521615998213
2470,8.23638995413678,7.15794111998202,7.2027991199821
2480,8.22324891413669,7.14617287998198,7.19108407998206
2490,8.2120626741366,7.13657703998196,7.17981783998203
2500,8.19985003413651,7.12556839998193,7.169386799982
2510,8.18941899413642,7.11340455998189,7.15645455998196
2520,8.17648235413632,7.10101871998185,7.14453511998192
2530,8.16426091413623,7.08852167998181,7.13343767998189
2540,8.15292347413614,7.07635343998178,7.12292663998186
2550,8.14228363413606,7.06475839998174,7.10985199998182
2560,8.13078179413597,7.05340775998171,7.09858575998179
2570,8.11890675413587,7.04292791998168,7.08607551998175
2580,8.10888451413579,7.03186167998165,7.07533367998172
2590,8.0967030741357,7.02079543998162,7.06497823998169
2600,8.08564563413561,7.00860959998158,7.05401399998166
2610,8.07476684419198,6.99796975998155,7.04243655998163
2620,8.06495550425462,6.98604151998152,7.0322855199816
2630,8.05576616431727,6.97481087998149,7.02073047998157
2640,8.0448664243799,6.96291383998145,7.00912223998153
2650,8.03414428444254,6.95159879998142,6.9969407999815
2660,8.02285334450517,6.94074575998139,6.98480375998146
2670,8.01254440456781,6.92915511998135,6.97531471998144
2680,8.00339946463046,6.91851087998132,6.96416407998141
2690,7.99338372469316,6.90711143998129,6.95226263998137
2700,7.98242158475585,6.89507199998125,6.94190719998134
2710,7.97278784481855,6.88265055998122,6.9286237599813
2720,7.96240770488124,6.87075351998118,6.91789511998127
2730,7.95083236494393,6.85902967998115,6.90662887998124
2740,7.94156302500663,6.84793223998111,6.8948338399812
2750,7.93291128506934,6.83774119998109,6.88262559998116
2760,7.92294434513204,6.82665255998106,6.87020855998112
2770,7.91275540519473,6.81330711998101,6.8595999199811
2780,7.90294406525743,6.80141447998098,6.84803607998106
2790,7.89387032532013,6.79068583998095,6.83469503998102
2800,7.88397458538283,6.78087239998092,6.82285119998098
2810,7.87304364544553,6.76828215998088,6.81286455998096
2820,7.86222830550822,6.75779791998086,6.80126071998092
2830,7.85255456557092,6.74694927998083,6.79012327998089
2840,7.84225442563361,6.73564303998079,6.77903023998086
2850,7.83427788569632,6.72284399998075,6.76895479998084
2860,7.82492414575902,6.71305735998073,6.75586695998079
2870,7.81573480582172,6.7016267199807,6.74302351998075
2880,7.80622546588442,6.69051607998066,6.73186847998072
2890,7.79677412594713,6.68008503998064,6.72026903998069
2900,7.78626518600982,6.66661959998059,6.70974919998066
2910,7.77587624607252,6.65427815998055,6.69731015998062
2920,7.76519410613521,6.64312751998052,6.68546191998058
2930,7.7543163661979,6.6337228799805,6.67391127998055
2940,7.74608662626061,6.62365183998047,6.66195183998051
2950,7.73537663631703,6.61320319998045,6.65040119998048
2960,7.72368399631699,6.60227895998042,6.63996135998045
2970,7.71133815631696,6.59035071998038,6.62721111998041
2980,7.70081831631693,6.57776487998034,6.61586047998038
2990,7.6904628763169,6.56717383998031,6.60558943998035
3000,7.67875223631687,6.55794679998029,6.59580279998033
3010,7.66909879631684,6.54766695998026,6.5859893599803
3020,7.65838335631681,6.53500111998022,6.57399471998027
3030,7.64644191631678,6.52415247998019,6.56334607998024
3040,7.63583767631675,6.51236183998016,6.55174663998021
3050,7.62436263631672,6.49965599998012,6.53862759998016
3060,7.61240319631668,6.48988255998009,6.52757015998013
3070,7.60096375631665,6.47910951998006,6.51804111998011
3080,7.58968431631661,6.46796767998003,6.50640167998007
3090,7.57900007631659,6.45830103998001,6.49473543998004
3100,7.56723183631655,6.44774119997998,6.48206079998
3110,7.55733399631653,6.43659055997995,6.46917735997996
3120,7.5468009563165,6.42520431997992,6.45843991997993
3130,7.53653431631647,6.41339167997988,6.4478000799799
3140,7.52531119066803,6.40123703997984,6.43768463997987
3150,7.51689306517333,6.39039279997981,6.42667159997984
3160,7.50712893967862,6.37888655997978,6.41524095997981
3170,7.4965648141839,6.36783351997975,6.40401031997978
3180,7.48702708868919,6.35644287997972,6.39186887997974
3190,7.47748936319448,6.34517223997968,6.38159783997971
3200,7.46845363769977,6.33374599997965,6.36950079997968
3210,7.45783191220506,6.32385255997963,6.35926095997965
3220,7.44630378671033,6.31188431997959,6.34828351997962
3230,7.43679811831456,6.29974727997955,6.33648847997959
3240,7.42663827831454,6.28897863997952,6.32330743997954
3250,7.4139724383145,6.27738359997949,6.3108371999795
3260,7.40304379831447,6.26498015997945,6.29990415997947
3270,7.39183075831443,6.25334511997942,6.28773591997944
3280,7.38221731831441,6.24256767997939,6.27688287997941
3290,7.37169307831438,6.23292303997936,6.26532783997937
3300,7.35989363831435,6.22065719997933,6.25221319997933
3310,7.34804099831431,6.2105149599793,6.24032495997929
3320,7.33636595831428,6.19950191997927,6.22927191997926
3330,7.33104424338721,6.18799567997923,6.21626847997922
3340,7.34751062875198,6.17485903997919,6.20627743997919
3350,7.36459461411675,6.16293519997916,6.19542879997916
3360,7.38176739948152,6.15167335997912,6.18448695997913
3370,7.39689658484629,6.14011391997909,6.17379391997911
3380,7.41347417021106,6.12892327997906,6.16178567997907
3390,7.42968735557582,6.11753703997903,6.14786263997902
3400,7.44451894094059,6.10653279997899,6.13663199997899
3410,7.46094532630536,6.09659495997897,6.12446375997895
3420,7.47604771167012,6.08365831997893,6.11324191997892
3430,7.49230089703489,6.0731252799789,6.10312647997889
3440,7.50921168239966,6.06095263997886,6.09037183997885
3450,7.52476726776442,6.05030399997883,6.07893239997882
3460,7.54075845312919,6.04006855997881,6.06704415997879
3470,7.55793123849396,6.02891351997878,6.05524471997875
3480,7.57371362385873,6.01810927997875,6.04231687997871
3490,7.5896068092235,6.00738503997872,6.03141943997868
3500,7.60602879458827,5.99453719997868,6.01993119997865
3510,7.62212197995303,5.98388855997865,6.00983335997862
3520,7.6369667653178,5.97374631997862,5.99989551997859
3530,7.65302875068256,5.96079167997858,5.98759847997856
3540,7.66874873604733,5.94920103997854,5.97830503997854
3550,7.6853575214121,5.93773479997851,5.96761199997851
3560,7.70157510677687,5.92502455997847,5.95488415997847
3570,7.71743269214163,5.91346071997844,5.94353791997843
3580,7.73198867750639,5.9014656799784,5.9313696799784
3590,7.74678026287115,5.89048383997837,5.91901943997836
3600,7.76307784823592,5.87893319997834,5.90681119997832
3610,7.77979303360069,5.8666005599783,5.89488295997828
3620,7.79476661896546,5.85611631997827,5.88265711997825
3630,7.81127300433023,5.84303287997823,5.87229727997822
3640,7.82753498969499,5.8328462399782,5.86164863997819
3650,7.84168217505975,5.82116679997817,5.84985359997816
3660,7.85893056042452,5.80971855997813,5.83767215997812
3670,7.87411734578929,5.7988655199781,5.82636151997809
3680,7.89074373115406,5.78734167997807,5.81509087997805
3690,7.90625051651882,5.77641303997804,5.80403343997802
3700,7.92283690188359,5.763160799978,5.79205639997799
3710,7.93880568724836,5.75313415997797,5.78132775997796
3720,7.95464127261313,5.74104151997793,5.77002151997792
3730,7.97027245797789,5.73134807997791,5.7597372799779
3740,7.98599684334266,5.72065503997788,5.74951063997787
3750,8.00197002870743,5.71046399997785,5.73757359997784
3760,8.01640161407213,5.70073935997783,5.7254365599778
3770,8.03297919943684,5.68847351997779,5.71537871997777
3780,8.04953438480156,5.67915767997777,5.70521887997775
3790,8.06511677016627,5.66808263997774,5.69433903997772
3800,8.08108555553098,5.65694079997771,5.68269959997768
3810,8.09668554089569,5.64634535997768,5.67245975997766
3820,8.11007456894172,5.63619871997765,5.66188671997763
3830,8.10732734815576,5.62295967997761,5.65004287997759
3840,8.1041043873698,5.61051583997757,5.63848783997756
3850,8.10171290658384,5.59842319997753,5.62832359997753
3860,8.09876852579788,5.5865749599775,5.61805255997751
3870,8.09756284501193,5.57494431997746,5.60760831997748
3880,8.09528852422597,5.56409127997743,5.59642207997745
3890,8.09249988344001,5.55384703997741,5.58490263997741
3900,8.09018698265405,5.54278519997738,5.57371639997738
3910,8.08720118186809,5.53238095997735,5.56352535997735
3920,8.08563834108214,5.52007951997731,5.55221471997732
3930,8.08269112029618,5.50885327997728,5.54057087997729
3940,8.07962957951021,5.49736943997725,5.52934463997726
3950,8.07731809872426,5.48526799997721,5.51872719997723
3960,8.0756366779383,5.47408615997718,5.50699015997719
3970,8.07391525715235,5.46149151997714,5.49451991997715
3980,8.07238957636639,5.45009647997711,5.48355127997712
3990,8.06940519558043,5.43962543997708,5.47264503997709
4000,8.06697371479447,5.42881239997705,5.46029919997705
4010,8.06379075400851,5.41895455997702,5.45036575997703
4020,8.06139785322255,5.409301119977,5.440387919977
4030,8.0599521724366,5.39800367997697,5.42874847997697
4040,8.05664921165064,5.38631983997693,5.41707783997694
4050,8.05354625086468,5.37301879997689,5.40437639997689
4060,8.05111335007872,5.36117055997685,5.39301255997686
4070,8.04891760929276,5.34899791997682,5.38261711997683
4080,8.0456574885068,5.33760287997678,5.36995127997679
4090,8.04298600772084,5.32500823997674,5.35835623997676
4100,8.04091168693488,5.31408399997671,5.34646359997672
4110,8.03839878614892,5.3055457599767,5.33465975997669
4120,8.03509582536296,5.29416831997666,5.32222071997665
4130,8.032190024577,5.28277767997663,5.31011927997661
4140,8.02963996379104,5.27300423997661,5.29976383997659
4150,8.02567291468367,5.26116479997657,5.28891959997656
4160,8.01837925068363,5.25017855997654,5.27665815997652
4170,8.01234996668359,5.23866791997651,5.26592951997649
4180,8.00537062268355,5.22800167997648,5.25345927997645
4190,7.99851269868352,5.21791263997645,5.24114903997641
4200,7.9914561946835,5.20652199997642,5.22875879997637
4210,7.98424253068347,5.19525575997639,5.21775895997634
4220,7.97658674894677,5.18232791997634,5.20649711997631
4230,7.97162427626337,5.17247007997632,5.19607487997628
4240,7.96634464357997,5.16095063997629,5.18368903997624
4250,7.96102785089656,5.14923999997625,5.17224519997621
4260,7.95598537821316,5.13808935997622,5.15923735997617
4270,7.95043000552976,5.12620111997618,5.14833991997614
4280,7.94380741284635,5.11502367997615,5.13748687997611
4290,7.93833488016295,5.10393063997612,5.12518543997607
4300,7.93376672747955,5.09362399997609,5.11354599997604
4310,7.92864567479615,5.08198455997606,5.10276855997601
4320,7.92305172211275,5.06910991997602,5.09191111997598
4330,7.91714202942935,5.05730607997598,5.08267087997596
4340,7.91174665674595,5.04500023997594,5.07148023997593
4350,7.90595696406254,5.03407159997591,5.06013399997589
4360,7.90012585137914,5.02140135997587,5.05046735997587
4370,7.89366183869573,5.00865111997583,5.03999631997584
4380,7.88704066601233,4.99620767997579,5.03022287997582
4390,7.88132671332892,4.98492823997576,5.01750383997578
4400,7.87581134064552,4.97260439997572,5.00579759997574
4410,7.86974022796211,4.9621601599757,4.99369175997571
4420,7.86394911527871,4.95115151997567,4.98229671997567
4430,7.8575236825953,4.94109367997564,4.97182127997564
4440,7.8516925699119,4.93047623997561,4.96022183997561
4450,7.8454271372285,4.92036519997559,4.94908439997558
4460,7.8407018245451,4.90869015997555,4.93698295997554
4470,7.8357407718617,4.89721511997552,4.92584111997551
4480,7.82943391917829,4.88490487997548,4.91432167997548
4490,7.82360280649489,4.87313223997544,4.90196703997544
4500,7.81872033381149,4.86302999997542,4.89120279997541
4510,7.81367928112809,4.85317655997539,4.87923015997537
4520,7.80855964844469,4.84289231997537,4.86699991997534
4530,7.80275724783965,4.83323447997534,4.8552672799753
4540,7.79665080383963,4.82183943997531,4.84317463997526
4550,7.79010861983961,4.81035999997528,4.83290359997524
4560,7.78305211583958,4.79855615997524,4.8216017599752
4570,7.77544129183956,4.78667231997521,4.80930911997517
4580,7.76933200783954,4.77533487997517,4.79614567997512
4590,7.76219408383951,4.76299783997514,4.78433743997509
4600,7.75576905983949,4.7503719999751,4.77419079997506
4610,7.74879113583946,4.73770175997506,4.76312895997503
4620,7.74039167183943,4.72615551997502,4.752973519975
4630,7.73380948783941,4.71460047997499,4.74220047997498
4640,7.72710730383938,4.70299223997495,4.72923703997493
4650,7.72052511983936,4.69171279997492,4.71685559997489
4660,7.71425725583934,4.67925135997488,4.70550055997486
4670,7.70818655183932,4.66695431997484,4.69376791997483
4680,7.70164641124136,4.65683887997482,4.68219967997479
4690,7.69486422724134,4.64519503997478,4.67155543997477
4700,7.68903210324132,4.63306239997475,4.65835199997472
4710,7.6823699192413,4.62312895997472,4.64644135997469
4720,7.67487767524127,4.61016551997468,4.63495311997465
4730,7.66730827124124,4.59985447997465,4.62202967997461
4740,7.66131898724122,4.58784623997462,4.61051463997458
4750,7.6552125432412,4.5787303999746,4.60070559997455
4760,7.64918325924118,4.56729975997456,4.58891975997452
4770,7.64311255524116,4.55442511997452,4.57687151997448
4780,7.63574031124113,4.54357207997449,4.56397927997444
4790,7.62880096724111,4.53182623997446,4.5513402399744
4800,7.62095298324108,4.52035119997442,4.53965199997437
4810,7.61243351924105,4.50813855997439,4.52772375997433
4820,7.60604707524102,4.49703231997435,4.51592431997429
4830,7.598594831241,4.48522847997432,4.50506687997426
4840,7.59106684724097,4.47338903997428,4.49210343997422
4850,7.58464324324095,4.46058559997424,4.47980639997418
4860,7.57742957924092,4.45131415997422,4.46742495997415
4870,7.57307288529055,4.44029671997419,4.45657631997412
4880,7.5683559047066,4.42995007997416,4.44535007997408
4890,7.56209454412264,4.41794623997413,4.43404383997405
4900,7.55717360183065,4.40576919997409,4.42165799997401
4910,7.55043283783063,4.39515615997406,4.40887215997397
4920,7.54503503383061,4.38434751997403,4.39694391997394
4930,7.53912574983059,4.37138847997399,4.38609527997391
4940,7.53190924583056,4.35958463997395,4.37644183997388
4950,7.52615712183055,4.34874039997392,4.36497119997385
4960,7.52103789783053,4.3381049599739,4.35370935997382
4970,7.5132313338305,4.32634111997386,4.34054591997377
4980,7.50747920983048,4.31428847997382,4.32899087997374
4990,7.50018554583046,4.30275103997379,4.3160762399737
5000,7.49293046183043,4.29087599997375,4.30397479997366
5010,7.4850838978304,4.28055615997373,4.29104255997362
5020,7.47956893383038,4.2705427199737,4.28013631997359
5030,7.47259100983036,4.26022727997367,4.26803927997355
5040,7.46533592583033,4.24725503997363,4.25735063997352
5050,7.4580808418303,4.23362519997359,4.24633759997349
5060,7.45081901896194,4.22294975997356,4.23499575997346
5070,7.44656802627854,4.21035951997352,4.22409391997343
5080,7.44045975359514,4.19752487997348,4.2136940799734
5090,7.43636876091174,4.18594743997344,4.20140143997336
5100,7.43085338822834,4.1738103999734,4.19154799997334
5110,7.42624665554494,4.16055815997336,4.18039735997331
5120,7.42140276286154,4.14859431997332,4.16627431997326
5130,7.41604597017814,4.1379900799733,4.15509247997323
5140,7.40990053749474,4.12605743997326,4.1441594399732
5150,7.40489948481134,4.11466679997323,4.13451919997317
5160,7.40009559212794,4.10253855997319,4.12317295997314
5170,7.39493737944454,4.08989951997315,4.11249751997311
5180,7.38886910676113,4.07810007997311,4.10056927997308
5190,7.38264225407773,4.06650503997308,4.08873863997304
5200,7.37704830139432,4.05527439997305,4.07875639997302
5210,7.37236440871093,4.04362175997301,4.06765455997298
5220,7.36653471602752,4.03201791997298,4.05595311997295
5230,7.36109934334412,4.02066727997295,4.04420247997291
5240,7.35530965066072,4.00864583997291,4.03280303997288
5250,7.34936137797731,3.99637999997286,4.02203879997285
5260,7.34368742529391,3.98540695997287,4.01111455997282
5270,7.33703936921552,3.97446511997288,4.00071471997279
5280,7.3318787252155,3.96236807997289,3.9909900799728
5290,7.32403216121547,3.95036863997291,3.98139863997281
5300,7.31740855721545,3.93856919997292,3.97016799997282
5310,7.31118211321543,3.92758735997293,3.95767095997283
5320,7.3047185092154,3.91727405904166,3.94528951997285
5330,7.29932212521539,3.9117326383068,3.93256167997286
5340,7.29214562121536,3.90606681757194,3.92074463997287
5350,7.28520627721534,3.89932139683708,3.91013159997288
5360,7.27716255321531,3.89101197610222,3.89931855997289
5370,7.27117326921529,3.88459535536736,3.8865239199729
5380,7.26455108521526,3.87772993463251,3.87299607997292
5390,7.25875896121524,3.86908291389765,3.86208543997293
5400,7.25249109721522,3.86330149316279,3.85062799997294
5410,7.2468161332152,3.85543647242794,3.83806895997295
5420,7.24075031261725,3.84885545169308,3.82526111997297
5430,7.2333838871224,3.84173683095822,3.81548327997298
5440,7.22736042162755,3.83453821022336,3.80260423997299
5450,7.22228559613271,3.82799718948851,3.791999999973
5460,7.21618497063786,3.82192256875365,3.78088935997301
5470,7.20988718514302,3.81402194801879,3.76908991997302
5480,7.20354797964817,3.80624572728394,3.75675287997304
5490,7.19748735415332,3.79967350654908,3.74598423997305
5500,7.19316400865849,3.79333248581422,3.73434479997306
5510,7.18619332316364,3.78547186507936,3.72055495997307
5520,7.18060559766879,3.7788064443445,3.70891551997309
5530,7.17391065217394,3.77038582360965,3.6974804799731
5540,7.1687200866791,3.7631248028748,3.68849343997311
5550,7.16198514118425,3.75609058213994,3.67776479997312
5560,7.15687173568941,3.74980276140508,3.66698735997313
5570,7.1503089975399,3.74406574067022,3.65693391997314
5580,7.13991418762515,3.73617391993537,3.64667167997315
5590,7.12969194762512,3.72977049920051,3.63677383997315
5600,7.11727490762508,3.72447787846565,3.62596079997317
5610,7.10620866762505,3.71676365773079,3.61456575997318
5620,7.09315202762501,3.71084903699593,3.60205551997319
5630,7.08305418762498,3.70501001626107,3.5908780799732
5640,7.07257874762495,3.69853099552622,3.57861663997321
5650,7.06040170762492,3.69009717479136,3.56879879997322
5660,7.04909106762488,3.6830629540565,3.55611535997324
5670,7.03853122762485,3.67598873332165,3.54518671997325
5680,7.02628298762482,3.66924331258679,3.53499127997326
5690,7.01439914762478,3.66130269185193,3.52272543997327
5700,7.00300410762475,3.65489047111708,3.51158799997328
5710,6.99131586762471,3.64599465038222,3.49987295997329
5720,6.97988082762468,3.63930682964736,3.4908459199733
5730,6.96948978762465,3.63124620891251,3.48016607997331
5740,6.95748154762462,3.62558038817765,3.46823343997332
5750,6.94695687907512,3.61879056744279,3.45799799997333
5760,6.9363663535804,3.61113434670793,3.44548335997334
5770,6.9272330280857,3.60591732597307,3.43434151997336
5780,6.91723330259098,3.59871870523822,3.42142687997337
5790,6.90715357709627,3.59301728450336,3.40886783997338
5800,6.8978655087005,3.5852498637685,3.3968995999734
5810,6.88631046870046,3.57916644303364,3.3867841599734
5820,6.87727462870044,3.57267422229879,3.37575791997341
5830,6.86534198870041,3.56602200156393,3.36349647997343
5840,6.85328054870037,3.55849458082907,3.35148823997344
5850,6.84109910870033,3.55005636009422,3.33877799997345
5860,6.8295172687003,3.54484813935936,3.32752055997347
5870,6.81699382870026,3.5378583186245,3.31658751997348
5880,6.80577198870023,3.52916689788964,3.30449487997349
5890,6.7943813487002,3.52175947715479,3.2924998399735
5900,6.78329710870016,3.51498285641993,3.27870999997352
5910,6.77203086870013,3.50675343568508,3.26938975997353
5920,6.75805902870008,3.49884841495022,3.25828351997354
5930,6.74758798870006,3.49135659421536,3.24737727997355
5940,6.73487774870002,3.4852331734805,3.23603103997356
5950,6.72406910869999,3.47809655274565,3.22700839997357
5960,6.71324726869996,3.47106673201079,3.21528015997358
5970,6.70370526403484,3.46417011127593,3.20343191997359
5980,6.69388993165611,3.45622949054108,3.1918724799736
5990,6.68432779927738,3.44854206980622,3.18180583997361
6000,6.67533006689865,3.44092144907137,3.17079719997362
6010,6.66662113451993,3.43550002833651,3.15919335997363
6020,6.6568726021412,3.42929660760165,3.14717631997365
6030,6.64666206976246,3.42185798686679,3.13582567997366
6040,6.63844633738374,3.41582776613193,3.12397743997367
6050,6.62925300500501,3.40892234539707,3.11247119997368
6060,6.62009967262629,3.40176812466222,3.10187135997369
6070,6.61063994024756,3.39407630392736,3.0893611199737
6080,6.60159340786883,3.3871664831925,3.07751727997372
6090,6.5920312754901,3.38121626245765,3.06600223997373
6100,6.58415314311138,3.37393764172279,3.05333639997374
6110,6.57443101073265,3.36831182098793,3.03888015997376
6120,6.56658847835393,3.36066880025307,3.02770271997377
6130,6.5572575459752,3.35282137951822,3.01628087997378
6140,6.54731341359647,3.34517395878336,3.0044814399738
6150,6.53691168121773,3.33682453804851,2.99188239997381
6160,6.52799394883901,3.32818191731365,2.98116255997382
6170,6.51912501646028,3.3215208965788,2.97061151997383
6180,6.50889648408155,3.31454427584394,2.95806127997384
6190,6.49932115170282,3.30875845510908,2.94709703997386
6200,6.4911186193241,3.30263063437422,2.93467119997387
6210,6.48200088694537,3.29609841363936,2.92287175997388
6220,6.47478475456665,3.28816219290451,2.91156111997389
6230,6.46612902218793,3.28095437216965,2.9001704799739
6240,6.45602048980919,3.27520415143479,2.88948623997391
6250,6.44488115743046,3.26737913069994,2.87846879997393
6260,6.43592782505173,3.25943850996508,2.86633615997394
6270,6.425934892673,3.25369708923022,2.85502991997395
6280,6.41790116029428,3.24789806849536,2.84416807997396
6290,6.41036062791556,3.24002864776051,2.83263983997397
6300,6.40118969553683,3.23338522702565,2.81938759997398
6310,6.39254276315811,3.22573340629079,2.808178959974
6320,6.38265623077937,3.21933438555594,2.79454471997401
6330,6.37522689840066,3.21305096482108,2.78311847997402
6340,6.36470102144915,3.20726514408622,2.77251423997403
6350,6.35272838144911,3.19828932335136,2.76066159997405
6360,6.34087134144907,3.1928279026165,2.74910215997406
6370,6.32952950144904,3.18433648188165,2.73733831997407
6380,6.317525661449,3.17894626114679,2.72599647997408
6390,6.30634822144897,3.17144564041193,2.71477463997409
6400,6.29552198144894,3.16457141967707,2.7035351999741
6410,6.28461574144891,3.15873679894221,2.69250895997411
6420,6.27429150144889,3.15357737820735,2.67987871997413
6430,6.26145246144885,3.14858235747249,2.66822167997414
6440,6.24951542144881,3.14059733673764,2.65669343997415
6450,6.23986638144879,3.13266111600278,2.64536039997416
6460,6.22979094144876,3.12546689526792,2.63299215997417
6470,6.21836910144873,3.11872147453307,2.62201911997419
6480,6.20701406144869,3.11137605379821,2.6109972799742
6490,6.19601317149257,3.10450183306335,2.60023743997421
6500,6.18516663155526,3.0967744123285,2.58975759997422
6510,6.17442209161796,3.09027779159364,2.57869135997423
6520,6.16603235168066,3.08429197085878,2.56866471997424
6530,6.15626101174336,3.07780855012392,2.55785167997425
6540,6.14736927180606,3.07151192938906,2.54553703997426
6550,6.13837553186877,3.06328250865421,2.53264919997427
6560,6.12847979193147,3.05675908791935,2.52062775997428
6570,6.11801525199416,3.0496936671845,2.5098367199743
6580,6.10730631205685,3.04564504644963,2.5002720799743
6590,6.09815257211956,3.03994362571477,2.49116943997431
6600,6.08819003218225,3.03414460497991,2.47841479997433
6610,6.0781556421885,3.02770118424506,2.46537135997434
6620,6.06700940218847,3.0198317635102,2.45438071997435
6630,6.05541436218843,3.01284634277534,2.44179047997436
6640,6.0442325221884,3.00556332204049,2.43130623997437
6650,6.03333068218837,2.99907550130563,2.42102639997438
6660,6.02202444218834,2.99222768057077,2.40934255997439
6670,6.01137580218831,2.98349625983592,2.3989383199744
6680,6.00047836218828,2.97779043910106,2.38726327997442
6690,5.99028732218825,2.9705518183662,2.37583263997443
6700,5.97844348218822,2.96489039763134,2.36559719997444
6710,5.96658644218818,2.95910017689648,2.35330455997445
6720,5.95610660218816,2.95232795616162,2.34225151997446
6730,5.94438716218812,2.94551133542677,2.33106967997447
6740,5.93238772218808,2.93922351469191,2.32046983997448
6750,5.92058828218805,2.93230489395705,2.3087991999745
6760,5.90949084218802,2.92511507322219,2.29753295997451
6770,5.89843340218799,2.91920925248734,2.28486271997452
6780,5.88634076218795,2.91085983175248,2.27389407997453
6790,5.87506969363845,2.90409681101762,2.26295223997454
6800,5.86466331089108,2.89702699028276,2.25181919997455
6810,5.85340147089104,2.89024156954791,2.24013535997457
6820,5.84247283089101,2.88325614881305,2.22850031997458
6830,5.82918059089097,2.87627072807819,2.21760287997459
6840,5.81750555089094,2.86968970734333,2.2074918399746
6850,5.8058885108909,2.86257548660848,2.19726079997461
6860,5.79627067089088,2.85558126587362,2.18706975997462
6870,5.78451123089084,2.84821824513876,2.17585231997463
6880,5.77360939089081,2.8430056244039,2.16562127997464
6890,5.76037035089077,2.83771300366904,2.15389743997465
6900,5.74719371089073,2.83072318293418,2.14220919997466
6910,5.73575427089069,2.82512416219932,2.13106735997467
6920,5.72509683089067,2.81860074146447,2.12008111997468
6930,5.71378179089063,2.81157092072961,2.10806407997469
6940,5.70119595089059,2.80482549999475,2.0965314399747
6950,5.69114251089057,2.7969648792599,2.08461199997472
6960,5.68082267089054,2.79022385852504,2.07380335997473
6970,5.67094533851181,2.78290523779018,2.06283911997474
6980,5.66336920613309,2.77604861705532,2.05263487997475
6990,5.65417147375436,2.76873879632047,2.04136863997476
7000,5.64513374137564,2.76200217558561,2.03246159997477
7010,5.63609600899691,2.75488795485075,2.02098215997478
7020,5.62702267661818,2.74909333411589,2.01038671997479
7030,5.61735854423945,2.74094391338104,2.0002800799748
7040,5.60873841186073,2.73519809264618,1.9881162399748
7050,5.60086027948201,2.72880347191132,1.9762323999748
7060,5.59260894710329,2.72210685117646,1.9637709599748
7070,5.58362001472456,2.71533463044161,1.9551883199748
7080,5.57420908234583,2.70801160970675,1.9442108799748
7090,5.5650469499671,2.7001241889719,1.9329134399748
7100,5.55555161758837,2.69404516823704,1.9204919999748
7110,5.54791788520965,2.68738854750218,1.9083949599748
7120,5.53900015283093,2.67982112676732,1.8973775199748
7130,5.53187722045221,2.67287130603247,1.88640447997481
7140,5.52242628807348,2.66778308529761,1.87530703997481
7150,5.51377935569476,2.66134406456275,1.86496479997481
7160,5.50491042331603,2.65418544382789,1.85228575997481
7170,5.49637469093731,2.64720002309303,1.84006431997481
7180,5.48720815855858,2.63951260235818,1.82866927997481
7190,5.47899682617986,2.63248278162332,1.81802063997481
7200,5.46657349380111,2.62404016088847,1.80646999997481
7210,5.45734016142238,2.61771674015361,1.79484815997481
7220,5.44698282904365,2.61138891941875,1.78454151997481
7230,5.43932229666493,2.60336389868389,1.77422607997481
7240,5.4297425642862,2.59762247794903,1.76369743997481
7250,5.41880323190746,2.59124585721418,1.75227119997481
7260,5.41122269952875,2.58467363647932,1.74124935997482
7270,5.40318016715002,2.57784821574446,1.73026751997482
7280,5.39269843477129,2.56912559500961,1.71912127997482
7290,5.38357190239256,2.56308657427475,1.70821943997482
7300,5.37477417001384,2.55596355353989,1.69616679997482
7310,5.36669163763512,2.55030653280503,1.68498055997482
7320,5.35682310525638,2.54443191207017,1.67310551997482
7330,5.34786097287766,2.53830409133531,1.66200807997482
7340,5.33774804049892,2.53048347060046,1.64966663997482
7350,5.33015430812021,2.5237156498656,1.63823599997482
7360,5.32194297574148,2.51627702913074,1.62751175997482
7370,5.31290084336276,2.50834080839589,1.61594791997482
7380,5.30345431098403,2.50172418766103,1.60410407997482
7390,5.2937145786053,2.49377916692617,1.59315783997483
7400,5.28336719241592,2.48777134619131,1.58023439997483
7410,5.27139015241588,2.48020392545646,1.56945255997483
7420,5.25941311241585,2.4726765047216,1.55859951997483
7430,5.24840007241581,2.46659748398674,1.54525407997483
7440,5.23726703241578,2.45878566325189,1.53253503997483
7450,5.22538319241575,2.45407944251703,1.52197519997483
7460,5.2123085524157,2.44721842178217,1.50934495997483
7470,5.20082911241567,2.43985100104731,1.49720791997483
7480,5.18832767241563,2.43319878031245,1.48551967997483
7490,5.1770658324156,2.4275729595776,1.47339143997483
7500,5.16628839241557,2.42032993884274,1.46212519997483
7510,5.15373815241553,2.41296691810788,1.45164535997483
7520,5.1431783124155,2.40566589737303,1.44042351997484
7530,5.13105887241546,2.39818727663817,1.42885967997484
7540,5.11879743241543,2.39157945590331,1.41680263997484
7550,5.1079653424593,2.38501603516846,1.40548759997484
7560,5.09907800252201,2.3772086144336,1.39326175997484
7570,5.09027506258471,2.37220479369874,1.38145351997484
7580,5.0798017226474,2.36487737296388,1.36962287997484
7590,5.0697059827101,2.35900715222902,1.35869423997484
7600,5.0592858427728,2.35118653149417,1.34722359997484
7610,5.04896810283549,2.34601831075931,1.33619735997484
7620,5.03820596289819,2.33890849002445,1.32422911997484
7630,5.02732822296088,2.33083906928959,1.31296287997484
7640,5.01656168302357,2.32364484855474,1.30239423997484
7650,5.00699034308627,2.31653062781988,1.29270519997485
7660,4.99606820314896,2.30990520708502,1.28127455997485
7670,4.98605246321166,2.30299098635016,1.27016831997485
7680,4.97587232327436,2.29513036561531,1.25728047997485
7690,4.96362533330568,2.28859814488045,1.24535223997485
7700,4.95239469330565,2.28271912414559,1.23415719997485
7710,4.94109285330562,2.27489410341073,1.22160255997485
7720,4.93012421330559,2.26815748267588,1.20991871997485
7730,4.91930237330556,2.26129646194102,1.19863927997485
7740,4.90811173330552,2.25471984120616,1.18583143997485
7750,4.89568149330549,2.2473124204713,1.17592479997485
7760,4.88342885330545,2.24086019973645,1.16461855997485
7770,4.87166061330541,2.23246197900159,1.15298791997486
7780,4.85861717330537,2.22563655826673,1.14171287997486
7790,4.84815053330534,2.21931313753188,1.12912263997486
7800,4.8356002933053,2.21303411679702,1.11623479997486
7810,4.82448525330527,2.20610629606216,1.10596375997486
7820,4.81473861330525,2.1986500753273,1.09378231997486
7830,4.80156197330521,2.19129145459245,1.08115647997486
7840,4.79070453330518,2.18566563385759,1.06842863997486
7850,4.77772789330513,2.17771621312273,1.05687799997486
7860,4.76506205330509,2.17126399238787,1.04510975997486
7870,4.75304941330506,2.16435417165302,1.03309271997486
7880,4.74487697345876,2.15951915091815,1.02287047997486
7890,4.73537484796405,2.1527781301833,1.01325263997486
7900,4.72562392246934,2.14607710944844,1.00173319997486
7910,4.71710819697463,2.13975368871358,0.988476559974852
7920,4.70711727147992,2.13289266797872,0.977707919974841
7930,4.6962999459852,2.12669364724387,0.966726079974829
7940,4.68573087743571,2.11950382650901,0.954473439974816
7950,4.67217663743566,2.11234520577415,0.943922399974805
7960,4.66042599743563,2.10584858503929,0.933620159974794
7970,4.64825775743559,2.09729476430444,0.921723119974782
7980,4.63802231743556,2.08926534356958,0.91090127997477
7990,4.62571647743552,2.08281312283473,0.90079463997476
8000,4.6154986374355,2.07381050209987,0.889523999974748
8010,4.60480999743547,2.06831348136501,0.878248959974736
8020,4.59357495743544,2.06045726063016,0.867733519974725
8030,4.5806515174354,2.0536674398953,0.856551679974713
8040,4.56954967743536,2.04721081916044,0.844947839974701
8050,4.55741703743533,2.03994539842558,0.83434359997469
8060,4.54607959743529,2.03377757769073,0.822290959974677
8070,4.53319615743525,2.02629015695587,0.809571919974664
8080,4.52304071743523,2.01958033622101,0.797554879974651
8090,4.5123520774352,2.01259491548615,0.785497839974638
8100,4.50167060048369,2.00635149475129,0.776395199974629
8110,4.49200646810496,1.99923727401645,0.766199759974618
8120,4.48508353572624,1.99258945328159,0.755177919974607
8130,4.47605020334751,1.98411563254672,0.742343279974593
8140,4.46755447096879,1.97812541181185,0.73001503997458
8150,4.45811233859006,1.97134439107699,0.719193199974569
8160,4.44965660621134,1.96519417034212,0.71058815997456
8170,4.44084567383261,1.95730234960726,0.70089471997455
8180,4.43083954145388,1.95040572887239,0.689637279974538
8190,4.42238820907516,1.94370470813752,0.679281839974527
8200,4.41264847669643,1.93745248740266,0.666807199974514
8210,4.4034107443177,1.93161786666779,0.657264959974504
8220,4.39260021193896,1.92491684593293,0.646589519974492
8230,4.38335367956023,1.91710502519806,0.63514127997448
8240,4.37119274718149,1.9107904044632,0.622799839974467
8250,4.36253701480277,1.90526658372833,0.612079999974456
8260,4.35392128242404,1.90243639510265,0.600653759974444
8270,4.34476355004531,1.91765353491374,0.589378719974432
8280,4.33505061766658,1.93187107472483,0.578445679974421
8290,4.32461328528785,1.94752381453592,0.566850639974408
8300,4.31525115290912,1.96173695434701,0.554344799974395
8310,4.30500942053039,1.9780960941581,0.543162959974383
8320,4.29419448815165,1.99166963396919,0.534171519974374
8330,4.28449915577292,2.00823317378028,0.522869679974362
8340,4.27578142339419,2.02516991359138,0.51131023997435
8350,4.26633489101546,2.04186665340248,0.500963599974339
8360,4.25763475863674,2.05765699321358,0.490328159974341
8370,4.24764622625801,2.07215013302468,0.479315119974343
8380,4.23704449387927,2.07175724494912,0.466227279974347
8390,4.22834436150055,2.06074860494914,0.45472103997435
8400,4.21785822912181,2.04906476494915,0.442557199974353
8410,4.20746969674308,2.03758972494916,0.430211359974356
8420,4.19635276436434,2.02636348494917,0.418736319974358
8430,4.18615983198561,2.01601684494918,0.405941679974362
8440,4.17571809960687,2.00429300494919,0.394519839974364
8450,4.16574276722814,1.99563619172397,0.382022799974368
8460,4.15734463484942,1.98951717098911,0.370010159974371
8470,4.14676530247068,1.98228295025424,0.357584319974374
8480,4.13702557009195,1.97599952951938,0.345780479974377
8490,4.12648623771321,1.96980490878451,0.335500639974379
8500,4.11711090533449,1.96480988804965,0.322754799974382
8510,4.10791317295576,1.95744246731478,0.311732959974385
8520,4.09941744057703,1.94817784657991,0.301284319974388
8530,4.0881849081983,1.94148562584505,0.289142879974391
8540,4.07893397581957,1.93537100511018,0.276925839974394
8550,4.06916744344084,1.92789238437532,0.266041599974396
8560,4.06038291106211,1.92192896364045,0.253402559974399
8570,4.05089637868338,1.91386394290559,0.241061119974398
8580,4.04185864630465,1.90728292217072,0.231154479974396
8590,4.03258091392593,1.89970670143585,0.221505439974394
8600,4.0233831815472,1.89110848070099,0.210243599974392
8610,4.01442544916847,1.88366545996612,0.19976375997439
8620,4.00507211678974,1.87564043923126,0.188693119974387
8630,3.99425718441102,1.86961021849639,0.177302479974385
8640,3.98576145203233,1.86278479776152,0.166169439974382
8650,3.97596851965365,1.85633257702666,0.15536079997438
8660,3.96673078727497,1.84901835629179,0.143032559974378
8670,3.95624465489629,1.84235293555693,0.130397919974375
8680,3.94650492251761,1.83263511482206,0.117736479974374
8690,3.93875999013892,1.8265872940872,0.105928239974374
8700,3.93070865776024,1.81972627335233,0.0945331999743742
8710,3.92290612538155,1.81266085261746,0.0811877599743745
8720,3.91292199300287,1.8070794318826,0.0704947199743746
8730,3.90404866062418,1.80224001114773,0.061374479974375
8740,3.8942689282455,1.79482819041287,0.0511746399743755
8750,3.88427599586682,1.787433969678,0.0403659999743759
8760,3.87425626348814,1.78044854894314,0.0301749599743761
8770,3.86497413110946,1.77225472820827,0.0191219199743763
8780,3.85887759873077,1.7650561074734,0
8790,3.85055066635209,1.75848828673854,0
8800,3.8413885339734,1.75079646600367,0
8810,3.83060920159472,1.74387784526881,0
8820,3.82243786921604,1.73639482453394,0
8830,3.81381773683735,1.72808540379907,0
8840,3.80345160445867,1.72072238306421,0
8850,3.79292107207999,1.71576296232934,0
8860,3.78376773970131,1.70756914159448,0
8870,3.77556520732263,1.70092572085961,0
8880,3.76629742113329,1.69372270012475,0
8890,3.7553599811333,1.68795447938988,0
8900,3.74421814113331,1.68137785865501,0
8910,3.73308070113332,1.67372603792015,0
8920,3.72181886113333,1.66660741718528,0
8930,3.71208542113334,1.66156359645042,0
8940,3.70046358113335,1.65627537571555,0
8950,3.70008679127929,1.64838795498069,0
8960,3.7153447766441,1.64222453424582,0
8970,3.73056716200891,1.63564351351095,0
8980,3.74645154737372,1.63071969277609,0
8990,3.76325553273853,1.62265467204122,0
9000,3.77963751810334,1.61520285130636,0
9010,3.79555310346815,1.60787543057149,0
9020,3.81159748883296,1.60130760983663,0
9030,3.82631787419777,1.59356698910176,0
9040,3.84302865956258,1.58708796836689,0
9050,3.85149785731795,1.57815214763203,0
9060,3.84125801731796,1.57016272689716,0
9070,3.83011177731797,1.5619777061623,0
9080,3.81950753731798,1.55520108542743,0
9090,3.80860129731799,1.55013046469256,0
9100,3.796561857318,1.5440914439577,0
9110,3.78579321731801,1.53692842322283,0
9120,3.77481552189081,1.53007180248797,0
9130,3.76441378951213,1.5213135817531,0
9140,3.75526485713345,1.51493696101824,0
9150,3.74399672475477,1.51034634028337,0
9160,3.73284419237609,1.5023257195485,0
9170,3.72241565999741,1.49565149881364,0
9180,3.71317352761872,1.48700007807877,0
9190,3.70343379524004,1.48001905734391,0
9200,3.69534246286136,1.47282923660904,0
9210,3.68602473048268,1.46565261587417,0
9220,3.67664574429334,1.45803639513931,0
9230,3.66347350429335,1.44821657440444,0
9240,3.65208726429337,1.43965835366958,0
9250,3.63963022429338,1.43238853293471,0
9260,3.62669358429339,1.42614951219984,0
9270,3.6151873442934,1.41965729146498,0
9280,3.60420990429342,1.41391587073011,0
9290,3.59365619879028,1.40585964999525,0
9300,3.58404108600902,1.39912302926038,0
9310,3.57417717322776,1.39163560852552,0
9320,3.5633180604465,1.38357058779065,0
9330,3.55408494766524,1.37678516705578,0
9340,3.54289703488398,1.37005734632092,0
9350,3.53287752210272,1.36323192558605,0
9360,3.52289800932146,1.35594010485119,0
9370,3.5139536965402,1.34907028411632,0
9380,3.50202378375894,1.34300446338145,0
9390,3.4918795292027,1.33779624264659,0
9400,3.48169728920271,1.33080202191172,0
9410,3.47109304920272,1.32382100117686,0
9420,3.46129760920272,1.31671118044199,0
9430,3.44854296920274,1.30962815970713,0
9440,3.43702792920275,1.30296273897226,0
9450,3.42561047752975,1.2947245182374,0
9460,3.4163729207997,1.28678389750253,0
9470,3.40696656406964,1.27859007676766,0
9480,3.39690260733958,1.2715470560328,0
9490,3.38676745060953,1.26486363529793,0
9500,3.37685909387947,1.25861141456307,0
9510,3.36634193714941,1.2518259938282,0
9520,3.35701118041936,1.24603137309334,0
9530,3.3489820236893,1.23920595235847,0
9540,3.34011326695924,1.2317941316236,0
9550,3.33121771022918,1.22494191088874,0
9560,3.32002267022919,1.21781889015387,0
9570,3.3100360302292,1.21153546941901,0
9580,3.29914739022921,1.20388804868414,0
9590,3.28744115022922,1.19719142794927,0
9600,3.27605051022924,1.19012160721441,0
9610,3.26412227022925,1.18162138647954,0
9620,3.25180198024808,1.17459596574468,0
9630,3.24108864031082,1.16703294500981,0
9640,3.23061530037355,1.15871472427495,0
9650,3.21889796043629,1.14887250354008,0
9660,3.20893102049903,1.14150508280521,0
9670,3.19903968056176,1.13298246207035,0
9680,3.1894771406245,1.12603264133548,0
9690,3.17847500068724,1.11896282060062,0
9700,3.16915686074997,1.11024019986575,0
9710,3.15864352081271,1.10286837913088,0
9720,3.1482968808629,1.09651375839602,0
9730,3.13520464086291,1.09059473766115,0
9740,3.12122840086293,1.08434691692629,0
9750,3.10957136086294,1.07655309619142,0
9760,3.09901152086295,1.07035847545656,0
9770,3.08811848086296,1.06345745472169,0
9780,3.07796744086297,1.05618763398682,0
9790,3.06981426124495,1.04849581325196,0
9800,3.06193858854825,1.03979999251709,0
9810,3.05274331585155,1.03170817178223,0
9820,3.04525404315485,1.02496275104736,0
9830,3.03683197045815,1.01914133031249,0
9840,3.02688589776145,1.01161390957763,0
9850,3.01794382506476,1.00532168884276,0
9860,3.00816215236806,0.999251468107892,0
9870,2.99880687967136,0.992759247373014,0
9880,2.98971800697467,0.986102626638136,0
9890,2.97957825062632,0.979032805903257,0
9900,2.96728121062634,0.97340258516838,0
9910,2.95667257062635,0.9653775644335,0
9920,2.94508193062636,0.959338543698622,0
9930,2.93460209062637,0.951806722963743,0
9940,2.92345585062638,0.946065302228866,0
9950,2.91267401062639,0.940190681493988,0
9960,2.90258195671504,0.934440460759111,0
9970,2.89153854932586,0.929783040024235,0
9980,2.88117914193667,0.923379619289357,0
9990,2.87163293454749,0.915563398554477,0
10000,2.8611047271583,0.907738377819598,0
10010,2.85161611976911,0.900708557084719,0
10020,2.84216751237993,0.894580736349842,0
10030,2.83290570499074,0.888426115614964,0
10040,2.82448789760155,0.882173894880086,0
10050,2.81506169021236,0.875730474145208,0
10060,2.80335661999562,0.869824653410331,0
10070,2.79235237999563,0.862586032675452,0
10080,2.78046413999564,0.855463011940573,0
10090,2.77008629999565,0.849103991205695,0
10100,2.75945085999566,0.842522970470817,0
10110,2.74790461999568,0.836408349735939,0
10120,2.73568757999569,0.830044929001061,0
10130,2.72832455926083,0.823841508266183,0
10140,2.72253433852597,0.815438887531303,0
10150,2.71571771779112,0.808311466796424,0
10160,2.70884789705626,0.800824046061545,0
10170,2.7000364763214,0.792385825326665,0
10180,2.69295345558654,0.785182804591786,0
10190,2.68625243485169,0.779801383856909,0
10200,2.68009781411683,0.773695563122032,0
10210,2.67344559338197,0.768074142387154,0
10220,2.66624257264711,0.759964721652275,0
10230,2.65591365457364,0.754014500917397,0
10240,2.64295021457365,0.747233480182519,0
10250,2.63230157457366,0.74049685944764,0
10260,2.62050653457367,0.732800638712761,0
10270,2.60828069457369,0.725864017977882,0
10280,2.5973120545737,0.718532197243003,0
10290,2.5869997289253,0.711044776508124,0
10300,2.57650240343063,0.704499355773246,0
10310,2.56659147793596,0.696985135038367,0
10320,2.55650735244129,0.689262114303487,0
10330,2.54555242694662,0.681032693568607,0
10340,2.53459750145195,0.674300472833729,0
10350,2.52533097595728,0.66682185209885,0
10360,2.51545125046261,0.659205631363971,0
10370,2.50566912496794,0.651620610629091,0
10380,2.49666899947326,0.645834789894214,0
10390,2.48796293107753,0.638142969159334,0
10400,2.47611909107754,0.632117148424457,0
10410,2.46496845107755,0.624460927689578,0
10420,2.45121861107757,0.616911106954698,0
10430,2.43998797107758,0.610703286219821,0
10440,2.43042333107759,0.603806665484942,0
10450,2.4200678910776,0.596186044750063,0
10460,2.4100100510776,0.589440624015184,0
10470,2.39835741107762,0.581820003280305,0
10480,2.38634917107763,0.575372182545427,0
10490,2.37591813107764,0.569026761810549,0
10500,2.36485629107765,0.56178814107567,0
10510,2.35326125107766,0.555011520340792,0
10520,2.34248821107767,0.548648099605914,0
10530,2.33109317107768,0.542622278871036,0
10540,2.32032893107769,0.535223658136157,0
10550,2.3091070910777,0.528478237401279,0
10560,2.29758765107772,0.522439216666401,0
10570,2.28665021107773,0.514289795931521,0
10580,2.27580157107774,0.507713175196643,0
10590,2.26350893107775,0.500470154461764,0
10600,2.25421989107776,0.491907533726899,0
10610,2.24332245107777,0.484144512992036,0
10620,2.23093221107778,0.477390292257172,0
10630,2.21916837107779,0.468716471522309,0
10640,2.2072801310778,0.461486650787445,0
10650,2.19530749107782,0.454416830052581,0
10660,2.18408565107783,0.447551409317718,0
10670,2.17299701107784,0.440690388582854,0
10680,2.16123757107785,0.43436696784799,0
10690,2.14971813107786,0.426723947113127,0
10700,2.13834509107788,0.421266926378262,0
10710,2.12747445107789,0.414357105643399,0
10720,2.1134626110779,0.406829684908535,0
10730,2.10251637107791,0.399591064173671,0
10740,2.09286293107792,0.394094043438807,0
10750,2.08221869107793,0.388792622703943,0
10760,2.07011285107794,0.38160720196908,0
10770,2.05959741107795,0.375536981234216,0
10780,2.04713597107796,0.368298360499352,0
10790,2.03594973107798,0.361135339764488,0
10800,2.02297749107799,0.353563519029625,0
10810,2.012373251078,0.345445298294761,0
10820,2.00147141107801,0.338468677559898,0
10830,1.99260437107801,0.331878856825034,0
10840,1.98080053107802,0.32622183609017,0
10850,1.96842789107802,0.319392015355306,0
10860,1.95723725107802,0.312522194620442,0
10870,1.94601101107802,0.307100773885578,0
10880,1.93467357107802,0.298960153150715,0
10890,1.92236773107802,0.292507932415851,0
10900,1.91156349107802,0.284976111680987,0
10910,1.89975525107802,0.277621890946124,0
10920,1.88949301107802,0.268899270211261,0
10930,1.87776917107802,0.260909849476397,0
10940,1.86816013107802,0.254506428741533,0
10950,1.85797789107802,0.247409808006668,0
10960,1.84610285107802,0.239477987271799,0
10970,1.83673381107803,0.231861766536929,0
10980,1.82642717107803,0.22358794580206,0
10990,1.81458333107803,0.21602052506719,0
11000,1.80389469107803,0.210332304332321,0
11010,1.79237965107803,0.204262083597452,0
11020,1.78008701107803,0.194997462862582,0
11030,1.76980277107803,0.189913642127714,0
11040,1.75857653107803,0.183532621392844,0
11050,1.74717269107803,0.176711600657975,0
11060,1.73553765107803,0.169112979923106,0
11070,1.72695061107803,0.160834759188236,0
11080,1.71733277107804,0.154471338453367,0
11090,1.70475133107804,0.147574717718498,0
11100,1.69435589107804,0.142313296983629,0
11110,1.68300085107804,0.13641187624876,0
11120,1.67374301107804,0.130101655513891,0
11130,1.66210357107804,0.122938634779022,0
11140,1.65112173107804,0.115917614044156,0
11150,1.64081509107804,0.108518993309289,0
11160,1.62864685107804,0.102311172574422,0
11170,1.61613661107804,0.0949481518395558,0
11180,1.60367517107804,0.0870919311046892,0
11190,1.59435053107804,0.0802085103698225,0
11200,1.58332429107805,0.0739606896349559,0
11210,1.57035205107805,0.0668952689000893,0
11220,1.55805501107805,0.0616826481652229,0
11230,1.54765957107805,0.0555060274303565,0
11240,1.53760173107805,0.0475522066954903,0
11250,1.52645549107805,0.0422283859606239,0
11260,1.51589125107805,0.0352653652257576,0
11270,1.50653101107805,0.0273823444908912,0
11280,1.49566917107805,0.0209345237560246,0
11290,1.48324773107805,0.0140247030211581,0
11300,1.47136389107805,0,0
11310,1.46008885107806,0,0
11320,1.44761421107806,0,0
11330,1.43514397107806,0,0
11340,1.42372213107806,0,0
11350,1.41192709107806,0,0
11360,1.39931005107806,0,0
11370,1.39002981107806,0,0
11380,1.37739517107806,0,0
11390,1.36616453107806,0,0
11400,1.35464509107806,0,0
11410,1.34354765107806,0,0
11420,1.33000661107806,0,0
11430,1.31824717107806,0,0
11440,1.30635893107806,0,0
11450,1.29566589107806,0,0
11460,1.28357325107806,0,0
11470,1.27197821107807,0,0
11480,1.26141837107807,0,0
11490,1.25031653107807,0,0
11500,1.23937909107807,0,0
11510,1.22703765107807,0,0
11520,1.21581581107807,0,0
11530,1.20342117107807,0,0
11540,1.19175053107807,0,0
11550,1.17991549107807,0,0
11560,1.16864925107807,0,0
11570,1.15683221107807,0,0
11580,1.14672117107807,0,0
11590,1.13476173107807,0,0
11600,1.12424189107808,0,0
11610,1.11209605107808,0,0
11620,1.10078981107808,0,0
11630,1.08891037107808,0,0
11640,1.07898133107808,0,0
11650,1.06663549107808,0,0
11660,1.05462285107808,0,0
11670,1.04409421107808,0,0
11680,1.03249477107808,0,0
11690,1.02123733107808,0,0
11700,1.00984669107808,0,0
11710,0.998211651078078,0,0
11720,0.985741411078065,0,0
11730,0.974053171078053,0,0
11740,0.96162733107804,0,0
11750,0.950103491078027,0,0
11760,0.936815651078013,0,0
11770,0.924096611078,0,0
11780,0.911510771077987,0,0
11790,0.900297731077975,0,0
11800,0.889200291077963,0,0
11810,0.87652125107795,0,0
11820,0.864339811077937,0,0
11830,0.852655971077925,0,0
11840,0.841629731077913,0,0
11850,0.831896291077903,0,0
11860,0.81975925107789,0,0
11870,0.807293411077877,0,0
11880,0.795196371077864,0,0
11890,0.783512531077852,0,0
11900,0.77216629107784,0,0
11910,0.760540051077828,0,0
11920,0.748740611077815,0,0
11930,0.738340771077804,0,0
11940,0.726128131077791,0,0
11950,0.716270291077781,0,0
11960,0.705026451077769,0,0
11970,0.694004611077757,0,0
11980,0.682209571077745,0,0
11990,0.669654931077732,0,0
12000,0.65805989107772,0,0
12010,0.647580051077709,0,0
12020,0.635771811077696,0,0
12030,0.622030771077682,0,0
12040,0.61113773107767,0,0
12050,0.600369091077659,0,0
12060,0.590222451077648,0,0
12070,0.579280611077637,0,0
12080,0.569702771077627,0,0
12090,0.558232131077615,0,0
12100,0.548374291077604,0,0
12110,0.537352451077593,0,0
12120,0.526423811077581,0,0
12130,0.514646771077569,0,0
12140,0.503869331077557,0,0
12150,0.492963091077555,0,0
12160,0.480719251077558,0,0
12170,0.467173811077561,0,0
12180,0.456485171077564,0,0
12190,0.444183731077567,0,0
12200,0.43221549107757,0,0
12210,0.421153651077573,0,0
12220,0.408763411077576,0,0
12230,0.399643171077578,0,0
12240,0.387666131077581,0,0
12250,0.376737491077584,0,0
12260,0.365915651077586,0,0
12270,0.357297411077588,0,0
12280,0.345702371077591,0,0
12290,0.333040931077594,0,0
12300,0.320326291077598,0,0
12310,0.3099884510776,0,0
12320,0.300037411077603,0,0
12330,0.288655571077605,0,0
12340,0.279250931077608,0,0
12350,0.267775891077611,0,0
12360,0.255310051077614,0,0
12370,0.243737411077614,0,0
12380,0.231315971077611,0,0
12390,0.220254131077609,0,0
12400,0.209641091077607,0,0
12410,0.199032451077604,0,0
12420,0.187024211077602,0,0
12430,0.175722371077599,0,0
12440,0.163762931077597,0,0
12450,0.153518691077595,0,0
12460,0.140719651077592,0,0
12470,0.129262211077589,0,0
12480,0.116729571077589,0,0
12490,0.104836931077589,0,0
12500,0.093610691077589,0,0
12510,0.0816868510775892,0,0
12520,0.0702874110775894,0,0
12530,0.0587323710775899,0,0
12540,0.0479637310775903,0,0
12550,0.0361730910775908,0,0
12560,0.024280451077591,0,0
12570,0.0126722110775913,0,0
